{
  "en_US" :{
    "subFilter.type": "Sort By",
    "subFilter.member_type": "Profile type",
    "subFilter.all_years": "Any Year",
    "subFilter.all_months": "Any Month",
    "subFilter.all_blog_categories": "All Categories",
    "subFilter.all_member_type": "All Profile Types",
    "subFilter.orderby": "Order by",
    "subFilter.orderBy": "Order by",
    "subFilter.order": "Order",
    "subFilter.group_type": "Group type",
    "subFilter.title": "Name",
    "subFilter.date_modified": "Modified",
    "subFilter.group_id": "Group",
    "subFilter.privacy": "Visibilty",
    "subFilter.all_group_type": "All Group Types",
    "subFilter.categories": "Categories",
    "subFilter.month": "Month",
    "subFilter.year": "Year",

    "common.not_now": "Not now",
    "common.enable_access": "Enable access",
    "common.searching_for": "Searching for {{ search }}",
    "common.opening_link": "Opening Link",
    "common.where_to_view_page_question": "Where do you want to view this page?",
    "common.inApp": "In App",
    "common.external": "External",
    "common.unavailable": "Unavailable",
    "common:external": "External",
    "common:inapp": "In App",
    "common.confirm": "Confirm",
    "common.yes": "Yes",
    "common.no": "No",
    "common.termsOfService": "Terms of Service",
    "common.privacyPolicy": "Privacy Policy",
    "common.failDefaultMessage": "Server request failed",
    "common.default" : "Server error or connection is lost. Please try again later.",
    "common.cancelSearch": "Cancel",
    "common.retry": "Retry",
    "common.close": "Close",
    "common.cancel": "Cancel",
    "common.skip": "Skip",
    "common.accept": "Accept",
    "common.search": "Search",
    "common.searchGIPHYPlaceholder": "Search GIPHY",
    "common.searchPlaceholder": "Search",
    "common.submit": "Submit",
    "common.checkInternet": "Please check your Internet and Please try again later.",
    "common.updated": "Updated {{date}}",
    "common.errorAlertTitle": "Error",
    "list.loadMore": "Load More",
    "common.all": "All",
    "common.filterText": "Filter {{filterType}}",
    "common.readLess": "Read Less",
    "common.readMore": "Read More",
    "common.moreLower": "more",
    "common.areYouSure": "Are you sure?",
    "common.ok": "Ok",
    "common.more": "More",
    "common.from": "From",
    "common.to": "To",
    "common.back": "Back",
    "common.next": "Next",
    "common.done": "Done",
    "common.parent_group": "Parent Group",
    "common.edit": "Edit",
    "common.save": "Save",
    "common.invited": "Invited",
    "common.on": "On",
    "common.at": "At",
    "common.send": "Send",
    "common.select":"Select {{item}}",
    "common.unselect":"Unselect {{item}}",
    "common.recipient": "Recipient",
    "common.recipient_plural": "Recipients",
    "common.view": "View",
    "common.loadingPreview": "Loading preview...",
    "common.emailPreferences": "Email Preferences",
    "common.selectFile": "Select the file...",
    "common.takePhoto": "Take Photo...",
    "common.chooseLibrary": "Choose from Library...",
    "common.browse": "Browse...",
    "common.insertLink": "Insert Link",
    "common.enterTitle": "Enter title",
    "common.enterUrl": "Enter URL",
    "common.message":"Message",
    "common.contentOfflineMessage": "This content is not available offline",
    "common.selectDate":"Select Date",
    "common.enter":"Enter {{item}}",
    "common.required":"required",
    "common.sandbox_sign_up_alert_title": "Sign Up Disabled",
    "common.sandbox_sign_up_alert_message": "You cannot create a new account on this demo",

    "offlineToast.noInternet": "No Internet Connection",
    "offlineToast.backOnline": "Back online",

    "month.01": "January",
    "month.02": "February",
    "month.03": "March",
    "month.04": "April",
    "month.05": "May",
    "month.06": "June",
    "month.07": "July",
    "month.08": "August",
    "month.09": "September",
    "month.10": "October",
    "month.11": "November",
    "month.12": "December",

    "advancedSearch.title": "Advanced Search",

    "library.screenTitle": "My Library",
    "library.downloaded": "Downloaded",
    "library.emptyText": "You have not downloaded any courses",
    "library.downloadedCourses": "Downloaded Courses",
    "library.myCourses": "My Courses",

    "appFeedback.send": "Send",
    "appFeedback.messageTitle": "Feedback",
    "appFeedback.messagePlaceholder": "Write your feedback",
    "appFeedback.emailTitle": "Email",
    "appFeedback.uploadMedia": "Upload Image or Video",
    "appFeedback.deleteMedia": "Delete",
    "appFeedback.optionsTitle": "Upload a new image or video",

    "media.sizeExceededErrorTitle": "Size limit exceeded",
    "media.sizeExceededErrorMessage": "Please upload media within the size limit of {{size}} MB.",
    "media.bbMediaMissingCameraPermissionTitle": "Missing Permission",
    "media.bbMediaMissingCameraPermissionMessage": "You have not given permission to your camera. This can be enabled in your phone's settings",
    "media.bbMediaMissingPhotosPermissionTitle": "Missing Permission",
    "media.bbMediaMissingPhotosPermissionMessage": "You have not given permission to access your image library. This can be enabled in your phone's settings",

    "sendFeedback.title": "Send Us Feedback",

    "reportBug.title": "Report a Bug",


    "login.accountEmail": "Account Email",
    "login.accountEmailPlaceholder": "Enter email",
    "login.accountPassword": "Add Your New Password",
    "login.accountPasswordPlaceholder": "Enter password",
    "login.accountRepeatPassword": "Repeat Your New Password",
    "login.accountRepeatPasswordPlaceholder": "Enter password",

    "login.user_agreement_title": "User Agreement",
    "login.user_agreement_message_privacy": "Please agree to the privacy policy before logging in.",
    "login.user_agreement_message_privacy_terms": "Please agree to the terms of service and privacy policy before logging in.",
    "login.user_agreement_message_terms": "Please agree to the terms of service before logging in.",
    "login.title": "Sign in",
    "login.username": "Username or email",
    "login.password": "Password",
    "login.failModalTitle": "Login failed. Please try again.",
    "login.failModalOk": "Ok",
    "login.login": "Login",
    "login.email": "Email",
    "login.loginTwitter": "Login with Twitter",
    "login.loginFacebook": "Login with Facebook",
    "login.loginGoogle": "Login with Google",
    "login.loginApple": "Sign in with Apple",
    "login.withEmail": "Login with your email or username",
    "login.haveAccount": "Don't have an account?",
    "login.signup": "Sign Up",
    "login.forgot": "Forgot Password?",
    "login.asDifferent": "Login using other account",
    "login.asGuest": "Continue without logging in",
    "login.linkPageTitle": "Link your {{service}} account to your site account.",
    "login.linkPageDesc": "We found a matching site account registered to {{email}}. Log in to your site account to link both accounts. (You will only have to do this once).",
    "login.rest_bbapp_jwt_appid_req": "App ID is required",
    "login.user_blocked": "You have been blocked",
    "login.rest_bbapp_jwt_username_req": "Valid username is required",
    "login.rest_bbapp_jwt_password_req": "Valid password is required",
    "login.inactive_socialauth": "Social login is not configured on site. Please contact the site owner.",
    "login.no_email": "There has been a problem. Please try again.",
    "login.user_already_exists_link_required": "An account with this email already exists.",
    "login.user_not_found": "User has been deleted.",
    "login.linking_auth_failed": "Wrong password.",
    "login.bbapp_auth_require_activation": "User is not yet activated. You should got activation email already.",
    "login.missing_social_info": "Complete the following fields.",
    "login.invalid_email_address": "Invalid Email Address",
    "login.password_missmatch": "New Password should match",
    "login.current_pass_cant_be_empty": "Current Password can't be empty",
    "login.info_update_success": "Information saved successfully",
    "signup.pageTitle": "Create account",
    "signup.haveAccount": "Already have account?",
    "signup.login": "Login",
    "signup.firstName": "First Name",
    "signup.lastName": "Last Name",
    "signup.username": "Username",
    "signup.password": "Password",
    "signup.email": "Email",
    "signup.createAccount": "Create Account",
    "signup.verify": "Continue",
    "signup.failModalTitle": "Sign Up Failed",
    "signup.failModalOk": "Ok",
    "signup.not_verified": "Email or username is already taken",
    "signup.rest_bbapp_register_is_not_allowed": "User registration is currently not allowed.",
    "signup.rest_bbapp_register_username_exists": "The provided username is already registered",
    "signup.rest_bbapp_register_email_exists": "The provided email is already registered",
    "signup.rest_bbapp_register_password_req": "Please enter your password",
    "signup.rest_bbapp_register_email_req": "Please enter your email.",
    "signup.rest_invalid_param": "Invalid parameter(s): email",
    "signup.rest_bbapp_register_username_req": "Please enter the username",
    "signup.successModalTitle": "Check Your Email To Activate Your Account.",
    "signup.successModalText": "You have successfully created your account! To begin using this site, you will need to activate your account via the email we have just sent to your address.",
    "signup.successModalTitleWP": "Registration Successful",
    "signup.successModalTextWP": "You have successfully created your account. To begin using this site, return to the login screen and login using your new account credentials.",
    "signup.successModalOk": "Ok",
    "signup.textAreaPlaceholder": "Type here...",
    "signup.optionalFieldSubLabel": "(Optional)",
    "signup.validateFeildModal":" is required",
    "signup.validationInvalidEmail": "Enter a valid email",
    "signup.validationInvalidUrl": "Enter a valid url",
    "signup.validationFieldRequired": "{{value}} is required",
    "signup.validationShouldBeNumber": "{{value}} should be a number",
    "signup.selectProduct": "Select Product",
    "signup.product": "Product",
    "signup.continue": "Continue",
    "signup.confirmPurchase": "Confirm Purchase",
    "signup.accountDetails": "Account Details",
    "signup.user_agreement_message_privacy_terms": "Please agree to the privacy policy and terms of service before registration.",

    "actionModal.profile": "Profile",
    "actionModal.group": "Group",

    "signup.agreementStartingTextWithCheckbox": "I agree to the ",
    "signup.agreementStartingText": "By creating an account, you are agreeing to the ",
    "signup.termsOfService": "Terms of Service",
    "signup.and": " and ",
    "signup.privacyPolicy": "Privacy Policy",
    "signup.agreementEndingText": ".",
    "localAuth.fallbackLabel": "Enter Passcode",
    "localAuth.fallbackPromptMessage": "Enter phone passcode",
    "localAuth.continueAlertTitle": "Unlock to Continue",
    "localAuth.continueAlertMessage": "Please use your biometric data or enter your device's passcode to unlock the app.",
    "localAuth.enableFaceIdIOS": "Use Face ID",
    "localAuth.enableFaceIdAndroid": "Use Face Recognition",
    "localAuth.enableTouchIdIOS": "Use Touch ID",
    "localAuth.enableTouchIdAndroid": "Unlock with fingerprint",
    "localAuth.enableIris": "Use IRIS to unlock",
    "localAuth.enablePasscode": "Use phone password to unlock",
    "localAuth.durationImmediately": "Immediately",
    "localAuth.duration1Minute": "After 1 minute",
    "localAuth.duration30Minutes": "After 30 minutes",

    "search.groups": "Groups",
    "search.topics": "Discussions",
    "search.people": "Members",
    "search.failNavigateMessage": "It is not part of any course.",
    "search.lockedContentMessage": "It is locked for you.",
    "search.failNavigateOk": "Ok",

    "forgot.pageTitle": "Forgot Password?",
    "forgot.pageDescription": "Enter your email address and we’ll send instructions to reset your password.",
    "forgot.email": "Email Address",
    "forgot.failModalTitle": "Reset password stopped working.",
    "forgot.failModalOk": "Ok",
    "forgot.rest_invalid_param": "Invalid parameter(s): email",
    "forgot.invalid_email": "Invalid email",
    "forgot.invalidcombo": "Invalid email address was sent",
    "forgot.empty_username": "Please provide a valid email address.",
    "forgot.successModalTitle": "Check your email for the confirmation link.",
    "forgot.successModalText": "",
    "forgot.successModalOk": "Ok",
    "forgot.submit": "Submit",


    "forums.parentGroup": "Parent Group",
    "forums.associatedGroup": "Associated Group",
    "forums.createDiscussion": "Create Discussion",
    "forums.headerTitle": "Forums",
    "forums.recent": "Recent",
    "forums.subforums": "Sub-Forums",
    "forums.popular": "Popularity",
    "forums.trending": "Trending",
    "forums.no_topics": "No discussions",
    "forums.bp_json_forum_invalid_action": "Action is invalid.",
    "forums.topicsTitle": "Discussions",
    "forums.replies": "{{count}} Reply",
    "forums.replies_plural": "{{count}} Replies",
    "forums.topics": "{{count}} Discussion",
    "forums.topics_plural": "{{count}} Discussions",
    "forums.loadMore": "Load More",
    "forums.somethingWrong": "Something went wrong",
    "forums.tryAgain": "Please try again later.",
    "forums.forumsText": "forums",
    "forums.myTopics": "My Discussions",
    "forums.myTopicsText": "forum discussions started",
    "forums.favoriteTopics": "My Favorites",
    "forums.favoriteTopicsText": "my favorite discussions",
    "forums.subscribedTopics": "Subscriptions",
    "forums.subscribedTopicsText": "subscribed discussions",
    "forums.viewForumsText": "View forums",
    "forums.viewText": "View Forums",
    "forums.subscribe": "Subscribe",
    "forums.unsubscribe": "Subscribed",
    "forums.favorite": "Favorite",
    "forums.unfavorite": "Favorited",
    "forums.date": "Date Created",
    "forums.title": "Alphabetical",
    "forums.popularText": "Popularity",
    "forums.all": "All",
    "forums.activity": "Last Active",
    "forums.sortText": "Sort By",
    "forums.loginToCreateDiscussionText": "Log in to create new discussions.",

    "topics.myTopics": "Discussions Started",
    "topics.myTopicsText": "forum discussions started",
    "topics.favoriteTopics": "Favorite Discussions",
    "topics.subscribedTopics": "Subscriptions",
    "topics.viewText": "View Forum Activity",
    "topics.allProfileReplies": "Replies Created",
    "topics.date": "Date Created",
    "topics.title": "Alphabetical",
    "topics.all": "All",
    "topics.activity": "Last Active",
    "topics.sortText": "Sort By",
    "topics.lastActive": "Last reply {{date}}",

    "notifications.headerTitle": "Notifications",
    "notifications.manualHeaderTitle": "Notification from ",
    "announcements.headerTitle": "Notifications",
    "notifications.view": "View",
    "notifications.markunread": "Mark as unread",
    "notifications.markread": "Mark as read",
    "notifications.delete": "Delete Notification",
    "notifications.deleted": "Deleted",
    "notifications.unread": "Unread",
    "notifications.read": "Read",
    "notifications.acceptLabel": "Accept",
    "notifications.rejectLabel": "Reject",
    "notifications.not_available": "Not Available.",
    "notifications.not_available_username": "Unknown",
    "notifications.has_posted_new_topic_text": "[[user]] has posted a new discussion to [[title]]",
    "notifications.has_posted_new_reply_text": "[[user]] has posted a new reply in [[title]]",
    "notifications.new_forum_has_been_added": "[[user]] has created a new forum [[title]]",
    "notifications.new_topic_has_been_added": "[[user]] has created a new discussion [[title]]",

    "forum.subforumsTitle": "Forums",

    "topics.headerTitle": "Discussions",
    "topics.recent": "Recent",
    "topics.popular": "Popularity",
    "topics.trending": "Trending",
    "topics.no_replies": "Unanswered",
    "topics.bp_json_invalid_action": "Action is invalid.",
    "topics.postedIn": "posted in",
    "topics.replies": "{{count}} Reply",
    "topics.replies_plural": "{{count}} Replies",
    "topics.voices": "{{count}} Member",
    "topics.voices_plural": "{{count}} Members",
    "topics.addDone": "Done",
    "topics.addCancel": "Cancel",
    "topics.viewTopicsText": "View topics",

    "topic.replies": "replies",
    "topic.repliedTo": "Replied to {{name}}",
    "topic.quickReplyDesc": "Your reply has been posted to the discussion",
    "topic.viewReply": "View Reply",
    "topic.voices": "members",
    "topic.edit": "Edit",
    "topic.close": "Close",
    "topic.open": "Open",
    "topic.stick": "Stick",
    "topic.unstick": "Unstick",
    "topic.sticksuper": "Stick ( to front )",
    "topic.spam": "Spam",
    "topic.unspam": "Unspam",
    "topic.restore": "Restore",
    "topic.split": "Split",
    "topic.merge": "Merge",
    "topic.move": "Move",
    "topic.trash": "Trash",
    "topic.report": "Report",
    "topic.topics": "Topics",
    "topic.forums": "Forums",
    "topic.cancel": "Cancel",
    "topic.mergeInfo": "All replies within both discussions will be merged chronologically. The order of the merged replies is based on the time and date they are posted. If the destination topic was created after this one, it’s post date will be updated to second earlier than this one.",
    "topic.mergeWithLabel": "Merge with this discussion",
    "topic.mergeSubscribersLabel": "Merge discussion subscribers",
    "topic.mergeFavoritesLabel": "Merge discussion favorites",
    "topic.mergeTagsLabel": "Merge discussion tags",
    "topic.mergeUndoneLabel": "This process cannot be undone",
    "topic.noOtherTopics": "There are no other discussions in this forum to merge with.",
    "topic.splitInfo": "When you split a discussion, you are slicing it in half starting with the reply you just selected. Choose to use that reply as a new topic with a new title, or merge those replies into an existing topic.",
    "topic.splitWithLabel": "Use an existing discussion in this forum",
    "topic.splitSubscribersLabel": "Copy subscribers to the new discussion",
    "topic.splitFavoritesLabel": "Copy favorites to the new discussion",
    "topic.splitTagsLabel": "Copy discussion tags to the new discussion",
    "topic.splitUndoneLabel": "This process cannot be undone",
    "topic.noOtherTopicsSplit": "There are no other discussion in this forum.",
    "topic.noOtherTopicsMove": "There are no other discussions in this forum.",
    "topic.newTopic": "Create a new discussion?",
    "topic.newTopicLabel": "New discussion titled as",
    "topic.splitPrefix": "Split:",
    "topic.moveInfo": "You can either make this reply a new discussion with a new title, or merge it into an existing topic. If you choose an existing topic, replies will be ordered by the time and date they were created.",
    "topic.moveWithLabel": "Use an existing discussion in this forum",
    "topic.moveUndoneLabel": "This process cannot be undone",
    "topic.movePrefix": "Moved:",
    "topic.loadOlder": "Load older replies",
    "topic.reply": "Reply",
    "topic.loginToReply": "Log in to reply.",

    "blog.title": "Blog",
    "blog.published": "Published",
    "blog.review": "In Review",
    "blog.bookmarks": "Bookmarks",
    "blog.draft": "Drafts",
    "blog.viewText": "Sort by",
    "blog.bookmark": "Bookmark",
    "blog.recommendationCount": "{{count}} recommendations",
    "blog.publishedIn": "Published in {{category}}",
    "blog.replyPlaceholder": "Write a response...",
    "blog.reply": "Reply",
    "blog.comments": "Comments",
    "blog.commentTitle": "Comment",
    "blog.cancelComment": "Cancel",
    "blog.createComment": "Post",
    "blog.delete": "Delete",

    "group.pickerSearch": "Start typing the group name",
    "group.deleteWarning": "WARNING: Deleting this group will completely remove ALL content associated with it. There is no way back. Please be careful with this option.",
    "group.understandStatement": "I understand the consequences of deleting this group.",
    "group.deleteForum": "I also want to delete the discussion forum.",
    "group.deleteGroup": "Delete Group",
    "group.createForumText": "Create a discussion forum to allow members of this group to communicate in a structured, bulletin-board style fashion.",
    "group.createForumNoText": "Saying no will not delete existing forum content.",
    "group.groupForumConfirm": "Yes, I want this group to have a discussion forum.",
    "group.groupForumsLabel": "Group Forum:",
    "group.groupCourseConfirm": "Yes, I want this group to sync with a LearnDash group.",
    "group.onlyAdmins": "Only site administrators can reconfigure which forum belongs to this group.",
    "group.saveChanges": "Save Changes",
    "group.ban": "Kick & Ban",
		"group.unban": "Remove Ban",
		"group.promote_admin": "Promote to co-organiser",
		"group.promote_mod": "Promote to Moderator",
		"group.demote_member": "Demote to regular member",
		"group.remove": "Remove from group",
    "group.deletePhoto": "Delete Photo",
    "group.uploadPhoto": "Upload Photo",
    "group.coverPhotoText": "The Cover Photo will be used to customize the header of your group.",
    "group.coverPhotoDesc": "For best results, upload an image that is 1300px by 225px or larger.",
    "group.uploadCoverPhoto": "Upload Cover Photo",
    "group.manage": "Manage",
    "group.itemDetails": "Details",
    "group.itemPhoto": "Photo",
    "group.itemCoverPhoto": "Cover Photo",
    "group.itemMembers": "Members",
    "group.itemRequests": "Requests",
    "group.itemInvites": "Invites",
    "group.itemForum": "Discussions",
    "group.itemDelete": "Delete",
    "group.itemGroup-settings": "Settings",
    "group.singular": "Group",
    "group.youarea": "You're a",
    "group.youarean": "You're an",
    "group.public": "Public",
    "group.private": "Private",
    "group.hidden": "Hidden",
    "group.members": "Members",
    "group.membersCount": "{{count}} member",
    "group.membersCount_plural": "{{count}} members",
    "group.membersCountCap": "{{count}} Member",
    "group.membersCountCap_plural": "{{count}} Members",
    "group.adminsTitle": "Group admins",
    "group.viewForum": "View Group Forum",
    "group.join": "Join",
    "group.leave": "Leave",
    "group.leaveErrorMessage": "As you are the only organizer of this group, you cannot leave it. You can either delete the group or promote another member to be an organizer first and then leave the group.",
    "group.isMember": "Member",
    "group.isMod": "Moderator",
    "group.isAdmin": "Organizer",
    "group.isAuthor": "Author",
    "group.profile": "View Full Profile",
    "group.filterActivity": "Activities",
    "group.filterMembers": "Members",
    "group.filterForum": "Discussions",
    "group.filterMessages": "Send Messages",
    "group.filterAdmin": "Manage",
    "group.filterInvite": "Send Invites",
    "group.filterPending": "Pending Invites",
    "group.filterRequests": "Requests",
    "group.filterSubgroups": "Subgroups",
    "group.filterCourses": "Courses",
    "group.filterPhotos": "Photos",
    "group.invites": "Invites",
    "group.sendInvites": "Send Invites",
    "group.sendInviteLabel": "Send Invites",
    "group.pending": "Pending Invites",
    "group.manageDetails": "Details",
    "group.manageSettings": "Settings",
    "group.managePhoto": "Photo",
    "group.manageCoverImage": "Cover Image",
    "group.manageMembers": "Members",
    "group.manageRequests": "Requests",
    "group.manageForum": "Forum",
    "group.manageCourseSettings": "Course Settings",
    "group.manageDelete": "Delete",
    "group.invite": "Invite",
    "group.inviteSend": "Send",
    "group.acceptInvite": "Accept",
    "group.cancelInvite": "Reject",
    "group.requestMembership": "Request to Join",
    "group.cancelMembershipRequest": "Requested",
    "group.forumDownloadError": "Something went wrong.",
    "group.forumDownloadMessage": "The discussion/reply you are trying to navigate might be deleted or the server is too busy. Please try again later.",
    "group.next": "Next",
    "group.done": "Done",
    "group.invitedBy": "Invited by",
    "group.messageOptionsIntro": "What type of message do you want to send to the members of this group?",
    "group.allMembersGroupMessage": "Send a Group Message",
    "group.selectedMembersGroupMessage": "Create a New Thread",
    "group.privateMessage": "Send Individual Messages",
    "group.inviteMessagePlaceholder": "Customize the message of your invite",
    "group.messageSendAllMembers": "This Message will be delivered to all members of this group.",
    "group.messageSendSellectedMembers": "{{count}} Member",
    "group.messageSendSellectedMembers_plural": "{{count}} Members",
    "group.messageSentAllMembers": "Your message was sent to all members of this group.",
    "group.messageSentAllMembersPrivate": "Your message was sent privately to all members of this group.",
    "group.messageSentSpecificMember": "Your message was sent to 1 member of this group.",
    "group.messageSentSpecificMemberPrivate": "Your message was sent privately to 1 member of this group.",
    "group.messageSentSpecificMember_prural": "Your message was sent to {{count}} members of this group.",
    "group.messageSentSpecificMemberPrivate_prural": "Your message was sent privately to {{count}} members of this group.",
    "group.photoOptionsTitle": "Upload a new group photo",
    "group.groupPhoto":"Group Photo",
    "group.groupName":"Group Name",
    "group.groupDescription":"Group Description",
    "group.selectGroup":"Select Group",

    "groups.headerTitle": "Groups",
    "groups.rest_invalid_param": "Server internal error. Please try again later.",
    "groups.failModalTitle": "Group loading failed. Please try again later.",
    "groups.failModalOk": "Ok",
    "groups.failModalRetry": "Retry",
    "groups.infoTitle": "Group Info",
    "groups.membersCount": "{{count}} members",
    "groups.plusMembersCount": "+{{count}} Members",
    "groups.all": "All Groups",
    "groups.personal": "My Groups",
    "groups.my-groups": "Memberships",
    "groups.invites": "Invitations",
    "groups.active": "Recently Active",
    "groups.newest": "Newly Created",
    "groups.alphabetical": "Alphabetical",
    "groups.popular": "Most Members",
    "groups.order": "order",
    "groups.viewText": "View groups",
    "groups.sortText": "Sort By",
    "groups.pendingGroupsText": "Pending",

    "messages.deletedUser": "Deleted User",
    "messages.sendToLabel": "To: ",
    "messages.allMembers": "All Members",
    "messages.headerTitle": "Messages",
    "messages.headerCreateTitle": "New Message",
    "messages.createCancel": "Cancel",
    "messages.typeMessage": "Type message...",
    "messages.sentToAll": "Sent from group {{groupName}} to all group members.",
    "messages.sentToIndividual": "Sent from group {{groupName}} to the people in this conversation.",
    "messages.emptyPostTitle": "Empty Post",
    "messages.emptyPostMessage": "Cannot submit an empty post.",
    "messages.markUnread": "Mark unread",
    "messages.markRead": "Mark read",
    "messages.hideConversation": "Hide Conversation",
    "messages.deleteMessages": "Delete your messages",
    "messages.deleteConversation": "Delete conversation",
    "messages.you": "You: ",
    "messages.started": "Started",
    "messages.chatPeople": "Participants",
    "messages.deleteYours": "Are you sure you want to permanently delete all of your messages from this conversation? This cannot be undone.",
    "messages.deleteAll": "As a site admin you are able to delete conversations. Are you sure you want to permanently delete this conversation and all of its messages? This cannot be undone.",

    "course.lastActivity": "Last activity: ",
    "course.created": "Created on",
    "course.infoTitle": "Group Info",
    "course.continue": "Continue",
    "course.startCourseButton": "Start {{label}}",
    "course.materialRequiresConnection": "This material requires an internet connection.",
    "course.courseMaterials": "{{label}} Materials",
    "course.discussionButton": "{{label}} Discussion",
    "course.inProgress": "In progress",
    "course.free": "Free",
    "course.notEnrolled": "Not enrolled",
    "course.enrollErrorTitle": "{{label}} enroll failure",
    "course.closedErrorMessage": "{{label}} is closed and can't be enrolled.",
    "course.unauthorizedErrorMessage": "You are unauthorized to enroll.",
    "course.paidCourseTitle": "This is paid {{label}}.",
    "course.paidCourseMessage": "Please pay for {{label}} using web version. Click 'Start' if you have paid.",
    "course.paidCourseGoToWeb": "Pay",
    "course.paidCourseStart": "Start",
    "course.invalid_platform":"OS platform is not available",
    "course.iap_token_missing":"Iap_token is not provided.",
    "course.app_namespace_missing":"Namespace is not provided",
    "course.app_namespace_invalid":"Namespace is invalid.",
    "course.error_while_iap_validation":"Your purchase could't been validated. Contact support.",
    "course.iap_already_in_used": "Your purchase could't been validated. Contact support.",
    "course.noProducts": "Your purchase could't been validated. Contact support.",
    "course.courseAuthor": "{{label}} Author",
    "course.completed": "Completed",
    "course.locked": "Closed",
    "course.enrolled": "Enrolled",
    "course.itemCount": "{{count}} {{slabel}}",
    "course.itemCount_plural": "{{count}} {{plabel}}",
    "course.includesTitle": "{{label}} Includes",
    "course.descriptionTitle": "{{label}} Description",
    "course.contentTitle": "{{label}} Content",
    "course.moreText": "More",
    "course.viewCourseDetails": "View {{label}} Details",
    "course.loginToStartText": "Login to start this course",
    "course.loginToViewLessons": "Login to view lessons",
    "course.loginToViewQuizzes": "Login to view quizzes",
    "course.certificate": "{{label}} Certificate",
    "course.downloadCertificate": "Download Certificate",
    "course.finalQuizzes": "Final Quizzes",
    "course.buyNow": "Buy Now",

    "iap.purchaseFailed" : "Purchase Failed",
    "iap.purchaseFailedMessage" : "We cannot complete your purchase at this time. Please try again later.",

    "courses.all": "All {{label}}",
    "courses.my-courses": "My {{label}}",
    "courses.alphabetical": "Alphabetical",
    "courses.title": "Alphabetical",
    "courses.date": "Date",
    "courses.recent": "Newly Created",
    "courses.my-progress": "My Progress",
    "courses.my_progress": "My Progress",
    "courses.alphabeticalText": "alphabetical",
    "courses.recentText": "newly created",
    "courses.my-progressText": "my progress",
    "courses.order": "order",
    "courses.viewText": "View {{courses}}",
    "courses.sortText": "Sort By",
    "courses.expandAll": "Expand All",
    "courses.collapseAll": "Collapse All",
    "courses.stepsOutOf": "{{completedSteps}}/{{count}} steps",
    "courses.readMore": "Read more",
    "courses.quiz_content_not_available": "Quiz from content is not available from app.",

    "courseCategories.all": "All Categories",
    "courseCategories.my-courses": "My {{label}}",
    "courseCategories.title": "Alphabetical",
    "courseCategories.date": "Newly Created",
    "courseCategories.my-progress": "My Progress",
    "courseCategories.order": "order",
    "courseCategories.viewText": "View {{label}} categories",
    "courseCategories.sortText": "Sort By",

    "lesson.content": "Content",
    "lesson.descriptionTitle": "{{label}} Description",
    "lesson.materials": "Materials",
    "lesson.count": "{{label}} {{current}} of {{total}}",
    "lesson.lessonMaterials": "{{label}} Materials",
    "lesson.topicsTitle": "Topics",
    "lesson.contentTitle": "{{label}} Content",
    "lesson.nextButtonText": "Next",
    "lesson.prevButtonText": "Prev",
    "lesson.completeLesson": "Mark Complete",
    "lesson.completed": "Completed",
    "lesson.nextLessonLocked": "Next {{label}} is locked",
    "lesson.nextLessonLockedDefaultMessage": "Complete previous exercises to unlock the {{label}}",

    "lesson.notEnoughTimeTitle": "Spend more time",
    "lesson.notEnoughTimeMessage": "You must spend {{duration}} on this {{label}}.",
    "lesson.completeAllTopicsTitle": "Complete all {{lesson}} content",
    "lesson.completeAllTopicsMessage": "You must complete all {{lesson}} Content before completing {{lesson}}.",
    "lesson.completeQuizTitle": "This {{lesson}} contains {{quizzes}}",
    "lesson.completeQuizMessage": "Please make sure you complete all {{quizzes}} on the site before you mark the {{lesson}} as completed.",

    "lesson.continueLessonOnQuizComplete": "Continue",




    "lessonTopic.lessoncount": "{{lesson}} {{current}}",
    "lessonTopic.count": "{{topic}} {{current}}",
    "lessonTopic.markAsComplete": "Mark as Complete",
    "lessonTopic.completed": "Completed",
    "lessonTopic.nextTopicLockedTitle": "Next {{topic}} is locked",
    "lessonTopic.nextTopicLockedMessage": "Complete previous exercises to unlock {{topic}}.",
    "lessonTopic.completeErrorTitle": "Could not complete {{topic}}",
    "lessonTopic.completeErrorMessage": "This {{topic}} contains one or more incomplete {{quiz}}. Try again once all {{quizzes}} have been completed.",
    "lessonTopic.notEnoughTimeTitle": "Spend more time",
    "lessonTopic.notEnoughTimeMessage": "You must spend {{duration}} on this {{topic}}.",
    "lessonTopic.lessonMaterials": "{{label}} Materials",
    "lessonTopic.descriptionTitle": "{{label}} Description",

    "assignment.bbMediaErrorMaxUploadSize": "Maximum upload file size: {{file_size_limit}}",
    "assignment.bbMediaErrorUnsupportedFiles": "Allowed file types: {{file_extensions}}",
    "assignment.heading":"Assignments",
    "assignment.deleteAssignment":"Delete Assignment",
    "assignment.uploadAssignments":"Upload Assignments",
    "assignment.approvedOutOfTotal": "{{approved}} of {{total}} approved",
    "assignment.delete":"Delete",
    "assignment.replyPlaceholder": "Write a response...",
    "assignment.reply": "Reply",
    "assignment.comments": "Comments",
    "assignment.commentTitle": "Comment",
    "assignment.cancelComment": "Cancel",
    "assignment.createComment": "Post",
    "assignment.replyTo":"Replying to",

    "lesson.nextLockedTitle": "{{lesson}} Incomplete",
    "lesson.nextLockedMessage": "Complete this {{lesson}} before moving on.",
    "lessonContent.nextLockedTitle": "{{lesson}} Incomplete",
    "lessonContent.nextLockedMessage": "Complete the {{lesson}} of this {{item}} before moving on.",

    "quiz.start": "Start {{quiz}}",
    "quiz.uploadFile": "Upload your answer file to this question",
    "quiz.back": "Back",
    "quiz.question": "Question.",
    "quiz.questionCount": "{{question}} {{current}} of {{total}}",
    "quiz.quizResultsTitle": "{{quiz}} Results",
    "quiz.yourScore": "Your Score",
    "quiz.averageScore": "Average Score",
    "quiz.yourTime": "YOUR TIME",
    "quiz.viewDetails": "View Details",
    "quiz.viewCertificate": "View Certificate",
    "quiz.hint": "Hint",
    "quiz.takeAgain": "Take Again",
    "quiz.reviewQuiz": "Review {{quiz}}",
    "quiz.quizCategories": "Categories",
    "quiz.quizYourScore": "Your Score",
    "quiz.passingScore": "Passing Score",
    "quiz.resultHeader": "Result",
    "quiz.nextButton": "Next",
    "quiz.quizDetailsTitle": "{{quiz}} Details",
    "quiz.quizReviewTitle": "Review {{quiz}}",
    "quiz.writeHere": "Write Here...",
    "quiz.nextQuizIsLocked": "{{quiz}} is locked",
    "quiz.correct": "Congratulations!",
    "quiz.incorrect": "Oops!",
    "quiz.nextQuizLockedDefaultMessage": "You are not allowed to take this {{quiz}}",
    "quiz.pointsCount": "{{count}} point",
    "quiz.pointsCount_plural": "{{count}} points",
    "quiz.category": "Category: ",
    "quiz.introYes": "Yes",
    "quiz.introNo": "No",
    "quiz.correctCount": "{{correct}} of {{total}} {{questions}} answered correctly.",
    "quiz.pointsReached": "You have reached {{yours}} of {{average}} points",
    "quiz.somethingWrong": "Something went wrong.",
    "quiz.somethingWrongSend": "We were not able to send your results.",
    "quiz.resultPercent": "{{percent}}%",
    "quiz.pos": "Pos.",
    "quiz.name": "Name",
    "quiz.date": "Entered on",
    "quiz.point": "Points",
    "quiz.result": "Result",
    "quiz.sendResult": "Save Result",
    "quiz.learndash_json_quiz_leaderboard_error": "You can not enter again.",
    "quiz.leaderBoardTitle": "Leader Board",
    "quiz.overviewSummary": "{{quiz}} summary",
    "quiz.overviewDone": "Done",
    "quiz.overviewSummaryAnswered": "<p><b>{{count}}</b> Answered</p>",
    "quiz.overviewSummaryNeedsReview": "<p><b>{{count}}</b> Needs review</p>",
    "quiz.overviewSummaryTotalQuestions": "Out of {{count}}\n{{question}}",
    "quiz.overviewSummaryTotalQuestions_plural": "Out of {{count}}\n{{questions}}",
    "quiz.resultIsAdded": "Result is successfully saved",
    "quiz.essayUploaded": "Essay uploaded",
    "quiz.recap": "You can click the Review Quiz button for recap of your results.",
    "quiz:descriptionTitle": "{{label}} Description",
    "quiz.offlineAlertTitle": "Come back later",
    "quiz.offlineAlertMessage": "Quizzes are not available offline. Attempt this quiz when you have an internet connection.",

    "quiz.completeButtonTitle": "Complete",
    "quiz.overviewButtonTitle": "Summary",
    "quiz.completingButtonTitle": "Finishing",
    "quiz.submitQuestion": "Submit",
    "quiz.completeInReviewButtonTitle": "Finish {{quiz}}",
    "quiz.forceQuestionAnswerInOverviewTitle": "Some {{questions}} are not completed",
    "quiz.forceQuestionAnswerInOverviewMessage": "Please complete all {{questions}} in order to finish {{quiz}}",

    "quiz.forceQuestionAnswerTitle": "{{question}} Incomplete",
    "quiz.forceQuestionAnswerMessage": "You must complete this {{question}} before the next one.",

    "quiz.skipQuestionTitle": "skip",

    "quiz.requiredField": "Required",
    "quiz.wrongEmail": "Invalid email address",


    "home.headerTitle": "Home",
    "home.somethingWrong": "Something went wrong.",
    "home.seeAllNotifications": "See all",
    "home.seeAllActivities": "See all",
    "home.tryLater": "Please try again later.",
    "home.seeAllGroups": "See all",
    "home.seeAll": "See all",
    "home.seeAllTopics": "See all",
    "home.seeAllForums": "See all",
    "home.seeAllCourses": "See all",
    "home.seeAllMembers":"See all",
    "home.badges": "Badges",
    "home.courses": "Courses",
    "home.certificates": "Certificates",

    "more.headerTitle": "More",
    "more.groups": "Groups",
    "more.about": "About",
    "more.settings": "Settings",
    "more.help": "Help",

    "newReply.headerTitle": "New Reply",
    "newReply.notify": "Notify me of follow-up replies via email",
    "newReply.submit": "Submit",
    "newReply.toLabel": "Reply to:",
    "newReply.reply": "Reply",
    "newReply.tags": "Add Tags",
    "newReply.emptyContentModalTitle": "Reply has no text",
    "newReply.cantBeEmpty": "Your reply cannot be empty.",
    "newReply.emptyModalOk": "Ok",
    "newReply.removeFileModalTitle": "Do you want to remove the file?",
    "newReply.removeFileModalMessage": "This will remove the uploaded file.",
    "newReply.removeModalTitle": "Do you want to remove the image?",
    "newReply.removeModalMessage": "This will remove uploaded image.",
    "newReply.removeModalOk": "Yes",
    "newReply.removeModalCancelbbMediaErrorUnsupportedMedia": "No",
    "newReply.bbMediaErrorTitle": "Unsupported Media",
    "newReply.bbMediaErrorMessage": "Please try again later.",
    "newReply.bbMediaErrorUnsupportedVideo": "Videos are currently not supported.",
    "newReply.bbMediaErrorUnsupportedAudio": "Audios are currently not supported.",

    "newReply.": "This media type is not supported.",
    "newReply.messagePlaceholder": "Message",
    "newReply.bbMediaErrorMaxUploadSize": "Maximum upload file size: {{file_size_limit}}",
    "newReply.bbMediaErrorUnsupportedFiles": "Allowed file types: {{file_extensions}}",
    "newReply.removeModalCancel": "No",

    "album.headerTitle": "Create Album",
    "album.title": "Title",
    "album.emptyContentModalTitle": "Album has no text",
    "album.cantBeEmpty": "Your album needs to have a title.",
    "album.emptyPostTitle": "Empty Album",
    "album.editTitle": "Edit Album Name",
    "album.editTitlePlaceholder": "Type album name",
    "album.createNewPlaceholder": "Enter album title",
    "album.createNewHeaderLeft": "Cancel",
    "album.createNewHeaderRight": "Create",
    "album.listTitle": "Photos",
    "album.uploadMediaTitle": "Add Media",
    "album.uploadPhotosTitle": "Add Photos",
    "album.uploadVideosTitle": "Add Videos",
    "album.uploadPhotos": "Upload Photos",
    "album.uploadVideos": "Upload Videos",
    "album.uploadSelectPhotos": "Select Photos",
    "album.uploadSelectVideos": "Select Videos",
    "album.selectedPhotosEmptyTitle": "Error",
    "album.selectedPhotosEmptyMessage": "Please select atleast 1 photo to upload.",
    "album.selectedUpload": "Upload",

    "video.removeModalTitle": "Do you want to remove the video?",
    "video.removeModalMessage": "This will remove uploaded video.",

    "addTopic.headerTitle": "Add Discussion",
    "addTopic.notify": "Notify me of follow-up replies via email",
    "addTopic.submit": "Submit",
    "addTopic.forum": "Forum:",
    "addTopic.topicLabel": "Discussion title",
    "addTopic.description": "Content",
    "addTopic.topicType": "Type",
    "addTopic.topicTypeNormal": "Normal",
    "addTopic.topicTypeSticky": "Sticky",
    "addTopic.topicTypeSuper": "Super Sticky",
    "addTopic.topicStatus": "Status",
    "addTopic.topicStatusPublish": "Open",
    "addTopic.topicStatusClosed": "Closed",
    "addTopic.topicStatusSpam": "Spam",
    "addTopic.topicStatusTrash": "Trash",
    "addTopic.topicStatusPending": "Pending",
    "addTopic.tags": "Tags",
    "addTopic.cancel": "Cancel",
    "addTopic.emptyTitleModalTitle": "Discussion has no title",
    "addTopic.emptyContentModalTitle": "Discussion has no content",
    "addTopic.cantBeEmpty": "Your discussion cannot be empty.",
    "addTopic.emptyModalOk": "Ok",
    "addTopic.emptyForumTitle": "No forum selected",
    "addTopic.addForums": "Please create some forums first",
    "addTopic.selectType": "Select Type",
    "addTopic.selectStatus": "Select Status",

    "select.cancel": "Cancel",
    "select.done": "Done",

    "drawer.yourSites": "Your Sites",

    "sites.title": "Select Site",
    "sites.changeSiteAlertTitle": "Switch Site",
    "sites.continue": "Continue",
    "sites.switch": "Switch",
    "sites.changeSiteAlertMessage": "Are you sure you want to switch to {{siteName}}?",

    "settings.test_app_options": "Test App Options",
    "settings.headerTitle": "Settings",
    "settings.autoLock":"Automatically lock",
    "settings.resetSandbox":"Reset Sandbox",
    "settings.deleteAccount":"Delete Account",
    "settings.pushNotifications": "Push Notifications",
    "settings.emailUpdates": "Email Updates",
    "settings.privacy": "Privacy Settings",
    "settings.version": "Version",
    "settings.logged": "Logged in as",
    "settings.sendFeedback": "Send us Feedback",
    "settings.rate": "Rate this App",
    "settings.report": "Report a Bug",
    "settings.logout": "Logout",
    "settings.pushAllLabel": "Get Push Notifications",
    "settings.pushSpecificTitle": "Specific Notifications",
    "settings.pushNewTopicLabel": "New Topic in a forum you are subscribed to",
    "settings.pushNewReplyLabel": "New Reply in a discussion you are subscribed to",
    "settings.pushNewForumLabel": "New Forum is created",
    "settings.sendFirebase": "Analytics data is being sent to Firebase service",
    "settings.sendAWS": "Analytics data is being sent to Amazon Mobile Analytics service",
    "settings.demoPushNotice": "This page is displayed for demo purposes only. You will not receive any push notifications when viewing a demo.",
    "settings.demoNotice": "This is only a demo. The contents of this app are for demo purposes only.",
    "settings.lockApp": "My subscriptions",
    "settings.loginInfo": "Login Information",
    "settings.blockedUsers": "Blocked Members",
    "settings.privacySettings": "Privacy Settings",
    "settings.groupInviteSettings": "Group Invites",
    "settings.exportData": "Export Data",
    "settings.about": "About",
    "settings.sites": "Your Sites",
    "settings.development_session": "Development Session",
    "settings.test_sites": "Secondary sites",
    "settings.coreVersion":"Core Version",
    "settings.buildVersion":"Build Version",
    "settings.sandboxExpires":"Sandbox Expires",
    "settings.sandboxDuration":"Sandbox Duration",
    "settings.link_handling": "Web Browser",
    "settings.in_app_browser": "In-App Browser",
    "settings.external_browser": "External Browser",
    "settings.link_handling_info_message": "Select which browser will be used to open links.",

    "developer.connected_sites": "Connected Sites",
    "developer.switch_connection": "Switch Connection",
    "developer.primary_site": "PRIMARY",
    "developer.secondary_site": "SECONDARY",

   "emailInvites.send": "Send",
   "emailInvites.sendDisabled": "Send Invites Disabled",
   "emailInvites.sendDisabledMessage": "You cannot send invites from a sandbox session.",
   "emailInvites.inviteMessage": "Invite Message",
   "emailInvites.recipientDetails": "Recipient Details",
   "emailInvites.sent": "Sent",
   "emailInvites.sendInvites": "Send Invites",
   "emailInvites.sentInvites": "Sent Invites",
   "emailInvites.sendDesc": "Invite non-members to create an account. They will receive an email with a link to register.",
   "emailInvites.recipientName": "Recipient Name",
   "emailInvites.recipientEmail": "Recipient Email",
   "emailInvites.messageTitle": "Customize the text of the invitation email. A link to register will be sent with the email.",
   "emailInvites.sendInvite": "Send Invite",
   "emailInvites.messageModalTitle": "Invite Message",
   "emailInvites.subjectTitle": "Customize the text of the invitation subject.",
   "emailInvites.incompleteTitle": "Incomplete",
   "emailInvites.incompleteMessage": "Please fill out all required fields to invite a new member.",
   "emailInvites.nameError": "Enter name",
   "emailInvites.emailError": "Enter a valid email address",
   "emailInvites.fetchInviteFailTitle": "Invite Failed",
   "emailInvites.revokeInviteFailTitle": "Revoke Failed",
   "emailInvites.revokeInvite": "Revoke Invite",
   "emailInvites.emptyInvites": "You haven't sent any invitations yet.",
   "emailInvites.inviteSuccess": "Invite successful",
   "emailInvites.revokeSuccess": "Invitation revoked",

    "achievement.requiredStep": "1 required step",
    "achievement.loginToWebsite": "Login to website 1 time",
    "achievement.noAchievements": "No Achievements Found",

    "points.awarded": "{{type}} Awarded",

    "profile.delete_repeater_title": "Field Set",
    "profile.delete_repeater_message": "Are you sure you want to delete this set? This cannot be undone.",
    "profile.emailInvites": "Email Invites",
    "profile.topics": "{{count}} discussion",
    "profile.topics_plural": "{{count}} discussions",
    "profile.following": "{{count}} following",
    "profile.favorites": "{{count}} favorites",
    "profile.followers": "{{count}} followers",
    "profile.replies": "{{count}} reply",
    "profile.replies_plural": "{{count}} replies",
    "profile.points": "Points",
    "profile.filterReported": "Reported",
    "profile.filterReport": "Report",
    "profile.filterReplies": "Replies",
    "profile.filterTopics": "Topics",
    "profile.filterAchievements": "Achievements",
    "profile.filterPoints" : "Points",
    "profile.filterResults": "Results",
    "profile.filterRanks": "Ranks",
    "profile.filterActivities": "Activity",
    "profile.filterXprofile": "Profile Details",
    "profile.filterBlockMember": "Block a Member",
    "profile.filterBlock": "Block",
    "profile.filterBlocked": "Blocked",
    "profile.filterFriends": "Connections",
    "profile.filterGroups": "My Groups",
    "profile.filterRequest": "Request",
    "profile.filterCourses": "Courses",
    "profile.filterDocuments": "Documents",
    "profile.filterPhotos": "Photos",
    "profile.filterVideos": "Videos",
    "profile.filterBlockedUsers": "Blocked Members",
    "profile.photos": "Photos",
    "profile.photo": "Photo",
    "profile.albums": "Albums",
    "profile.my-photos": "Photos",
    "profile.my-albums": "Albums",
    "profile.filterCertificates": "Certificates",
    "profile.filterSubscribed": "Subscribed",
    "profile.filterForums": "Forums",
    "profile.percent": "%",
    "profile.completed": "Completed",
    "profile.pointsCount": "{{count}} Point",
    "profile.pointsSingular": "{{count}} Point",
    "profile.pointsCount_plural": "{{count}} points",
    "profile.filterFavourites": "Favorites",
    "profile.score": "Score {{points}} out of {{total}} {{question}}",
    "profile.cantOpenCertificate": "Couldn't open the certificate, please check app filesystem permission and try again",
    "profile.course": "Course",
    "profile.quiz": "Quiz",
    "profile.addNewPhoto": "Add New Photo",
    "profile.xProfileView": "View",
    "profile.xProfileEdit": "Edit",
    "profile.xProfilePhoto": "Change Profile Photo",
    "profile.xProfileCover": "Change Cover Image",
    "profile.textareaPl": "Type Something...",
    "profile.editXprofile": "Edit profile",
    "profile.edit": "Edit",
    "profile.profilePhoto": "Profile Photo",
    "profile.deletePhoto": "Delete Photo",
    "profile.profileCover": "Cover Photo",
    "profile.viewXprofile": "Profile",
    "profile.save": "Save",
    "profile.change": "Change",
    "profile.seenby": "This field may be seen by:",
    "profile.deleteConfirm": "Are you sure you want to delete Album?",
    "profile.coverPhotoText": "Your Cover Photo will be used to customize the header of your profile.",
    "profile.coverPhotoDesc": "For best results, upload an image that is 1300px by 225px or larger.",
    "profile.coverPhotoOptionsTitle": "Upload a new cover photo",
    "profile.photoOptionsTitle": "Upload a new profile image",
    "profile.enterSocialUrl":"Enter {{url}} url",

    "report.successTitle": "Successfully reported",
    "report.report": "Report",
    "report.reported": "Reported",
    "report.title_media": "Report Photo",
    "report.title_photo": "Report Photo",
    "report.title_groups": "Report Group",
    "report.title_activity": "Report Activity",
    "report.title_activity_comment": "Report Comment",
    "report.title_document": "Report Document",
    "report.title_comment": "Report Comment",
    "report.title_forum": "Report Forum",
    "report.title_forum_topic": "Report Topic",
    "report.title_forum_reply": "Report Reply",
    "report.title_blog_comment": "Report Comment",
    "report.reportOtherPlaceholder": "Write your report content",

    "documents.title": "Alphabetical",
    "documents.date_modified": "Date Modified",
    "documents.group_id": "Group",
    "documents.privacy": "Visibilty",
    "documents.createNewPlaceholder": "Write something about your documents, to be shown on your timeline",
    "documents.document": "Document",
    "documents.createTitle": "Create Document",
    "documents.createFolder": "Create Folder",
    "documents.uploadFiles": "Upload Files",
    "documents.headerTitle": "Documents",
    "documents.viewText": "View documents",
    "documents.all": "All Documents",
    "documents.personal": "My Documents",
    "documents.groups": "My Groups",
    "documents.pendingUsers": "Personal",
    "documents.friends": "Group",
    "documents.previewFailed": "Failed to show document",
    "documents.previewFailedMessageShort": "Please download file to view.",
    "documents.previewFailedMessageLong": "No app associated with this file. Please download file to view.",
    "documents.download": "Download",
    "documents.copiedUrl": "Copied to clipboard",
    "documents.copy": "Copy",
    "documents.rename": "Rename",
    "documents.move": "Move",
    "documents.delete": "Delete",
    "documents.editPrivacy": "Edit Privacy",
    "documents.editPostPrivacy": "Edit Post Privacy",
    "documents.renameText": "Rename the document",
    "documents.renameFolderText": "Rename the folder",
    "documents.copyUrl": "Copy Download Link",
    "documents.createPostHeaderTitle": "Create a Document",
    "documents.addReplyHeaderTitle": "Comment",
    "documents.createPostHeaderLeft": "Cancel",
    "documents.createPostHeaderRight": "Post",
    "documents.selectFile": "Select the file...",
    "documents.browse": "Browse...",
    "documents.createNewTitle": "Add New Document",
    "documents.createNewHeaderLeft": "Cancel",
    "documents.createNewHeaderRight": "Upload",
    "documents.createNewFolderTitle": "Add New Folder",
    "documents.createNewFolderHeaderRight": "Create",
    "documents.createNewFolderPlaceholder": "Enter Folder Name",
    "documents.tapToPreview": "Tap to view",
    "documents.description": "Description",
    "documents.editDescription": "Edit description",
    "documents.documents": "Documents",
    "documents.moveHere": "Move to this folder",
    "documents.noFolders": "No folders found",
    "documents.createAFolder": "Create a Folder",
    "documents.addDescription": "Add a description",
    "documents.notInFolder": "Item is not currently in a folder",
    "documents.isInFolder": "Item is currently in",
    "documents.willBeMovedTo": "Item will be moved to '{{where}}'",
    "documents.currentlyIn": "Item is currently in '{{where}}'",
    "documents.currentlyInAlbum": "Item is currently in this album",
    "documents.itemAlreadyThere": "Item is already in '{{where}}'",
    "documents.notFound": "Document you're trying to access no longer exists",

    "photos.currentlyIn": "Photo is currently in '{{where}}'",
    "photos.currentlyInAlbum": "Photo is currently in this album",
    "photos.photos": "Photos",
    "photos.albums": "Albums",
    "photos.notInFolder": "Photo is not currently in an album",
    "photos.isInFolder": "Photo is currently in",
    "photos.willBeMovedTo": "Photo will be moved to '{{where}}'",
    "photos.moveHere": "Move to this album",
    "photos.noFolders": "No albums found",
    "photos.createAFolder": "Create an Album",
    "photos.move": "Move",
    "photos.createNewFolderPlaceholder": "Enter Album Name",
    "photos.viewText": "View",
    "photos.all": "All Photos",
    "photos.groups": "My Groups",
    "photos.personal": "My Photos",
    "photos.select": "Select",
    "photos.selectCancel": "Done",
    "photos.editModeHeader": "Select Items",
    "photos.editModeHeaderSelected": "Selected",
    "photos.itemsCount": "{{count}} Item",
    "photos.itemsCount_plural": "{{count}} Items",
    "photos.photoCount": "{{count}} Photo",
    "photos.photoCount_plural": "{{count}} Photos",
    "photos.delete": "Delete",
    "photos.deleteConfirm": "Are you sure you want to delete?",
    "photos.edit": "Edit",
    "photos.editAlbum": "Edit Album",
    "photos.deleteAlbum": "Delete Album",
    "photos.commentsPlaceholder": "Write a comment",
    "photos.comment": "Comment",
    "photos.comments": "Comments",
    "photos.createNewTitle": "Add New Photo",
    "photos.createNewHeaderLeft": "Cancel",
    "photos.createNewHeaderRight": "Upload",
    "photos.createNewPlaceholder": "Write something about your photos, to be shown on your timeline.",
    "photos.noComments": "No comments to show",
    "photos.moveDisabledAlert": "Photo inherits activity privacy from comment. You are not allowed to move.",

    "videos.all": "All Videos",
    "videos.groups": "My Groups",
    "videos.personal": "My Videos",
    "videos.notInFolder": "Video is not currently in an album",
    "videos.isInFolder": "Video is currently in",
    "videos.willBeMovedTo": "Video will be moved to '{{where}}'",
    "videos.currentlyIn": "Video is currently in '{{where}}'",
    "videos.currentlyInAlbum": "Video is currently in this album",
    "videos.videos": "Videos",
    "videos.editModeHeader": "Select Videos",
    "videos.videoCount": "{{count}} Video",
    "videos.videoCount_plural": "{{count}} Videos",
    "videos.unsupported": "Video format is not supported. Please download to play.",
    "videos.uploadProgress": "{{progress}}% Uploaded",
    "videos.createNewTitle": "Add New Video",
    "videos.createNewHeaderLeft": "Cancel",
    "videos.createNewHeaderRight": "Upload",
    "videos.createNewPlaceholder": "Write something about your videos, to be shown on your timeline.",
    "videos.changeThumbnail": "Change Thumbnail",
    "videos.generateThumbnail": "Generate Thumbnail",
    "videos.suggestedThumbnail": "Suggested Thumbnail",
    "videos.chooseImageText": "Choose one of these suggested images to show before your video starts playing.",
    "videos.generateImageText": "Choose a still frame from your video to show before it starts playing.",
    "videos.uploadImageText": "Upload a high resolution image that best represents your video.",
    "videos.uploadImage": "Upload Image",
    "videos.uploadThumbImage": "Upload Image",
    "videos.chooseFromVideo": "Choose from Video",

    "members.headerTitle": "Members",
    "members.invite": "Members",
    "members.all": "All Members",
    "members.pendingUsers": "Pending",
    "members.friends": "Connections",
    "members.personal": "Connections",
    "members.following": "Following",
    "members.followers": "Follower",
    "members.followers_plural": "Followers",
    "members.inviteFriends": "My Connections",
    "members.invitePending": "Pending",
    "members.my-friends": "Connections",
    "members.requests": "Requests",
    "members.message": "Message",
    "members.friendsCount": "{{count}} connection",
    "members.friendsCount_plural": "{{count}} connections",
    "members.follow": "Follow",
    "members.unfollow": "Unfollow",
    "members.connected": "Connected",
    "members.remove": "Remove Connection",
    "members.add": "Connect",
    "members.cancel": "Request Sent",
    "members.accept": "Accept",
    "members.reject": "Reject",
    "members.acceptGroupRequest": "Accept",
    "members.rejectGroupRequest": "Reject",
    "members.active": "Recently Active",
    "members.newest": "Newest members",
    "members.alphabetical": "Alphabetical",
    "members.random": "Random",
    "members.popular": "Popular",
    "members.last_joined": "Newest",
    "members.first_joined": "Oldest",
    "members.group_activity": "Group Activity",
    "members.order": "order",
    "members.viewText": "View members",
    "members.sortText": "Sort By",
    "members.pluralRoleOrganizer": "Organizers",
    "members.pluralRoleMember": "Members",
    "members.pluralRoleModerator": "Moderators",
    "members.pluralRoleAuthor": "Authors",
    "members.joined": "Joined",
    "members.follower": "Follower",
    "members.peopleCount": "{{count}} person",
    "members.peopleCount_plural": "{{count}} people",
    "members.block": "Block",
    "members.unblock": "Unblock",
    "members.blockedOn": "Blocked on",
    "members.suspended": "Suspended",
    "members.blockMemberTitle": "Block Member?",
    "members.blockConfirmMessagePart1": "Please confirm you want to block this member.",
    "members.blockConfirmMessagePart2": "You will no longer be able to:",
    "members.blockConfirmMessageNote": "Please note:",

    "activities.edit": "Edit",
    "activities.joinDiscussion": "Join Discussion",
    "activities.quickReply": "Quick Reply",
    "activities.viewPost": "View Post",
    "activities.editPostHeaderTitle": "Edit Post",
    "activities.replyTo": "Replying to",
    "activities.postIn": "Post In",
    "activities.audience": "Visibility",
    "activities.changePrivacy": "Change Privacy",
    "activities.writeTo": "Write something to {{name}}...",
    "activities.headerTitle": "News Feed",
    "activities.noActions": "No actions are available",
    "activities.delete": "Delete",
    "activities.deleted": "Deleted",
    "activities.whatNew": "What's new with you?",
    "activities.whatNewGlobal": "Write here or use @ to mention someone.",
    "activities.whatNewGroup": "Share something with your group...",
    "activities.whatNewProfile": "Write here or use @ to mention someone.",
    "activities.addComment": "Type comment...",
    "activities.all": "All Activity",
    "activities.just-me": "Personal",
    "activities.friends": "Connections",
    "activities.following": "Following",
    "activities.favorites": "Favorites",
    "activities.groups": "Groups",
    "activities.mentions": "Mentions",
    "activities.comments": "Comments",
    "activities.prevComments": "View previous comments",
    "activities.-1": "Everything",
    "activities.everything": "Everything",
    "activities.activity_update": "Updates",
    "activities.friendship_accepted,friendship_created": "Connections",
    "activities.created_group": "New Groups",
    "activities.joined_group": "Group Memberships",
    "activities.group_details_updated": "Group Updates",
    "activities.started_course": "Started Course",
    "activities.created_lesson": "New Lessons",
    "activities.created_topic": "New Topics",
    "activities.completed_lesson": "Lesson Complete",
    "activities.completed_topic": "Topic Complete",
    "activities.completed_course": "Course Complete",
    "activities.lesson_comment": "Lesson Comment",
    "activities.course_comment": "Course Comment",
    "activities.completed_quiz": "Quiz Completed",
    "activities.new_blog_post": "Posts",
    "activities.new_blog_comment": "Comments",
    "activities.bbp_topic_create": "Discussions",
    "activities.bbp_reply_create": "Replies",
    "activities.createPostHeaderTitle": "Create a Post",
    "activities.addReplyHeaderTitle": "Comment",
    "activities.createPostHeaderLeft": "Cancel",
    "activities.createPostHeaderRight": "Post",
    "activities.date": "{{date}} at {{time}}",
    "activities.likes": "{{count}} Like",
    "activities.likes_plural": "{{count}} Likes",
    "activities.emptyPostTitle": "Empty Post",
    "activities.emptyPostMessage": "Cannot submit an empty post.",
    "activities.readMore": "Read more",
    "activities.reply": "Reply",
    "activities.report": "Report",
    "activities.reported": "Reported",
    "activities.commentThisLabel": "Comment on this post...",
    "activities.order": "order",
    "activities.viewText": "View activity",
    "activities.sortText": "Sort By",
    "activities.like": "Like",
    "activities.unlike": "Unlike",
    "activities.comment": "Comment",
    "activities.deleteConfirm": "Are you sure you want to delete?",
    "actionSheet.selectMorePhotosTitle": "You've allowed access to Selected Photos. You can use the camera or select more photos.",
    "actionSheet.selectMoreVideosTitle": "You've allowed access to Selected Videos. You can use the camera or select more videos.",
    "actionSheet.camera": "Camera",
    "actionSheet.gallery": "Gallery",
    "actionSheet.selectedPhotos": "Selected Photos",
    "actionSheet.selectedVideos": "Selected Videos",
    "actionSheet.selectMorePhotos": "Select More Photos...",
    "actionSheet.selectMoreVideos": "Select More Videos...",
    "actionSheet.cancel": "Cancel",
    "empty.blockedMembers": "No blocked members",
    "empty.documentsTitle": "No documents found",
    "empty.blogComments": "No comments found",
    "empty.blogPosts": "No posts found",
    "empty.products": "No products found",
    "empty.ranksTitle": "No Ranks",
    "empty.forumsTitle": "No forums found",
    "empty.forumsText": "You’re up-to date!",
    "empty.resultsTitle": "No Results found",
    "empty.resultsText": "Nothing to show",
    "empty.topicsTitle": "All Caught Up!",
    "empty.topicsText": "No discussions to show",
    "empty.groupsTitle": "Nothing to Show",
    "empty.groupsText": "No Groups have been found.",
    "empty.notificationsTitle": "Nothing to Show",
    "empty.notificationsText": "You’re up-to date!",
    "empty.searchTitle": "No results have been found!",
    "empty.searchText": "Nothing to Show",
    "empty.repliesTitle": "No replies found",
    "empty.certificatesTitle": "No Certificates have been found",
    "empty.certificatesText": "Nothing to show",
    "empty.achievementsTitle": "No badges have been found",
    "empty.achievementsText": "Nothing to show",
    "empty.coursesTitle": "No {{label}} have been found",
    "empty.coursesText": "Nothing to show",
    "empty.favouritesTitle": "No Favorites have been found",
    "empty.favouritesText": "Nothing to show",
    "empty.coursesProfileText": "Looks like you haven't started any course yet",
    "empty.topicsNoPermissionsTitle": "Private forum",
    "empty.topicsNoPermissionsText": "You don't have permissions to view discussions",
    "empty.repliesNoPermissionsTitle": "Private discussion",
    "empty.repliesNoPermissionsText": "You don't have permissions to view replies",
    "empty.groupsMembershiptTitle": "No groups to show",
    "empty.groupsInvitationsTitle": "No groups to show",
    "empty.groupsMembershipText": "You're not a member of any group",
    "empty.groupsInvitationsText": "You've not been invited to any group",
    "empty.membersTitle": "No members found",
    "empty.membersFriendsTitle": "No connections found",
    "empty.membersRequestsTitle": "No connection requests found",
    "empty.groupMembersRequestsTitle": "There are no pending membership requests.",
    "empty.groupInvites": "No pending invites",
    "empty.membersText": "Nothing to show",
    "empty.activitiesTitle": "No Activities found",
    "empty.activitiesText": "Nothing to show",
    "empty.messagesTitle": "No Messages found",
    "empty.messagesText": "Nothing to show",
    "empty.videosTitle": "No Videos have been found",
    "empty.photosTitle": "No Photos have been found",
    "empty.mediaTitle": "No Media has been found",
    "empty.albumsTitle": "No Albums have been found",
    "empty.photosText": "Nothing to show",
    "empty.groupMembers": "No members found",
    "empty.noTabbarTitleAdmin": "Tab Bar Empty",
    "empty.contentUnavailableTitle": "Content Not Found",
    "empty.contentUnavailableDesc": "We were unable to find the content you requested.",
    "empty.appUnavailableTitle": "App Unavailable",
    "empty.noTabbarDescAdmin": "Please add at least one item to the tab bar from the app's branding settings in BuddyBoss App plugin.",
    "empty.appUnavailableDesc": "Please contact the site administrator for more information.",
    "empty.assignmentComments": "No comments found",

    "errors.appOffline" : "App is offline",
    "errors.problemWithInitialisation": "The App have problems with initialization, please reinstall it",
    "errors.noData": "Can't get data from server, please check your Internet or try the App later",
    "errors.signatureInvalid": "App data was corrupted, please try app later",

    "verification.confirmationFailTitle" : "Confirmation Failed",
    "verification.confirmationTitle" : "Verification Code",
    "verification.confirmationMessage": "Please, enter the verification code sent to",
    "verification.submit": "Submit",

    "viewAs.viewAs": "View As",
    "viewAs.switch": "Switching user! Please wait while the app resets...",
    "viewAs.switchMessage" : "As an admin you can view as",
    "viewAs.restoreMessage": "Switch back to",
    "viewAs.switchBack": "Switch Back",
    "viewAs.viewingAs": "Viewing as",

    "repeater.addAnother": "Add Another",

    "inAppPurchases.restorePurchases": "Restore Purchases",
    "inAppPurchases.successfulOrderTitle": "Successful order",
    "inAppPurchases.successfulOrderMessage": "You have purchased \"{{label}}\"",
    "inAppPurchases.generalErrorTitle": "Payments are not available",
    "inAppPurchases.noProducts": "The item is paid, but payments are not available, please contact support",
    "inAppPurchases.inAppPurchaseIsDisable": "This item is paid, but payments are not available, please contact support",
    "inAppPurchases.purchaseErrorTitle": "Couldn't process your purchase",
    "inAppPurchases.retry": "Retry",
    "inAppPurchases.details": "Details",
    "inAppPurchases.priceLabel": "Price",
    "inAppPurchases.paidDescriptionIOS": "Pricing and terms for paid products are only available in release apps",
    "inAppPurchases.paidDescriptionAndroid": "Pricing and terms are only available in release apps, after approval by Google in a testing track",
    "inAppPurchases.termsAgreementsHeader": "By continuing, you agree to our",
    "inAppPurchases.termsAgreementsLink": "Terms of Service",
    "inAppPurchases.privacyAgreementsLink": "Privacy Policy",
    "inAppPurchases.andAgreementsLink": " and ",
    "inAppPurchases.successOrderPopupTitle": "Successful order!",
    "inAppPurchases.successOrderPopupMessage": "You have successfully bought {{productTitle}}",
    "inAppPurchases.failedOrderPopupTitle": "You have encountered an error during purchase",
    "inAppPurchases.failedOrderPopupMessage": "Please contact the support team or try again later. Sorry for the inconvenience. {{errorMessage}}",
    "inAppPurchases.lifetimeDuration": "Lifetime",
    "inAppPurchases.orderConfirmationFailedTitle": "Your purchase confirmation failed",
    "inAppPurchases.orderConfirmationFailedMessage": "You will be logged-out from the app.",

    "inAppPurchases.missingData": "Price",
    "inAppPurchases.missingDataDescriptionAndroid": "Pricing and terms are only available after approval by Google in a testing track",
    "inAppPurchases.missingDataDescriptionIOS": "Pricing and terms are only available if the product status is “Ready to Submit” or higher.",
    "inAppPurchases.free": "Free",

    "inAppPurchases.durationWeekIOS": "Per Week",
    "inAppPurchases.durationMonthIOS": "Per Month",
    "inAppPurchases.durationMonthPluralIOS": "Per {{number}} Months",
    "inAppPurchases.durationYearIOS": "Per Year",

    "inAppPurchases.durationWeekAndroid": "Per Week",
    "inAppPurchases.durationWeekPluralAndroid": "Per {{number}} Weeks",
    "inAppPurchases.durationMonthAndroid": "Per Month",
    "inAppPurchases.durationMonthPluralAndroid": "Per {{number}} Months",
    "inAppPurchases.durationYearAndroid": "Per Year",

    "productsScreen.confirmLabel": "Confirm",
    "productsScreen.confirmLabelwithSignup": "Confirm and Register",
    "productsScreen.purchasedLabel": "Purchased",
    "productsScreen.subscribedLabel": "Subscribed",
    "productsScreen.testPurchaseLabel": "Test Purchase",
    "productsScreen.testPurchaseLabelwithSignup": "Test Purchase",
    "productsScreen.purchaseLabel": "Purchase",
    "productsScreen.purchaseLabelwithSignup": "Purchase",
    "productsScreen.subscribeLabel": "Subscribe",
    "productsScreen.subscribeLabelwithSignup": "Subscribe",
    "productsScreen.title": "Choose a Plan",
    "productsScreen.iosStoreProductsError": "We are unable to fetch product data from Apple App Store Connect. Something is misconfigured in Apple, or the product is missing some metadata.",
    "productsScreen.androidStoreProductsError": "We are unable to fetch product data from the Google Play Console. Something is misconfigured in Google.",

    "toasts.thumbSuccess": "Video thumbnail was successfully updated",
    "toasts.syncSuccess": "Purchases restored successfully!",
    "toasts.syncNothingTitle": "Nothing to restore.",
    "toasts.syncNothingMessage": "There are no purchases to restore.",
    "toasts.successMessage": "{{report_type}} has been successfully reported",
    "toasts.movePhotoSuccess": "Photo was moved successfully",
    "toasts.moveVideoSuccess": "Video was moved successfully",
    "toasts.createDocumentSuccess": "Successfully created",
    "toasts.updateDocumentSuccess": "Document Updated",
    "toasts.moveFolderSuccess": "Folder was moved successfully",
    "toasts.moveDocumentSuccess": "Document was moved successfully",
    "toasts.groupMessageSuccess": "Message Sent!",
    "toasts.groupInviteSuccess": "Invite Sent",
    "toasts.groupInviteCancelSuccess": "Invite Canceled",
    "toasts.membersFriendRequestCreateSuccess": "Connection request sent",
    "toasts.membersFriendRequestCancelSuccess": "Connection request canceled",
    "toasts.membersFriendRequestRejectSuccess": "Connection request rejected",
    "toasts.membersFriendAddSuccess": "Connection added",
    "toasts.membersFriendRemoveSuccess": "Connection removed",
    "toasts.membersFriendFollowSuccess": "Member followed",
    "toasts.membersFriendUnfollowSuccess": "Member unfollowed",
    "toasts.featureDisabledInPreviewer": "This feature is disabled",
    "toasts.featureDisabledInPreviewerMessage" : "This feature is not available when previewing a demo.",
    "toasts.subscribeForumSuccess": "You have subscribed to this forum",
    "toasts.unsubscribeForumSuccess" : "You have unsubscribed from this forum",
    "toasts.subscribeTopicSuccess": "You have subscribed to this discussion",
    "toasts.unsubscribeTopicSuccess" : "You have unsubscribed from this discussion",
    "toasts.favouriteTopicSuccess" : "Topic added to your favourites",
    "toasts.unfavouriteTopicSuccess" : "Topic removed from your favourites",
    "toasts.openTopicSuccess": "Topic opened",
    "toasts.closeTopicSuccess": "Topic closed",
    "toasts.stickTopicSuccess" : "The discussion stick was completed",
    "toasts.unstickTopicSuccess" : "The discussion unstick was completed",
    "toasts.superstickTopicSuccess" : "The parent discussion stick was completed",
    "toasts.spamTopicSuccess" : "The discussion was marked as spam",
    "toasts.unspamTopicSuccess": "The discussion was unmarked as spam",
    "toasts.trashTopicSuccess" : "The discussion was sent to trash",
    "toasts.mergeTopicSuccess": "The discussion was merged",
    "toasts.joinGroupSuccess": "You have joined the group",
    "toasts.leaveGroupSuccess": "You have left the group",
    "toasts.leave_group_error": "Error while leaving group",
    "toasts.join_group_error": "Error while joining group",
    "toasts.splitTopicSuccess" : "The discussion has splited",
    "toasts.moveTopicSuccess" : "The discussion was moved",
    "toasts.not_logged_in": "Please login again",
    "toasts.rest_no_route": "Server error: There is an issue getting data from the server",
    "toasts.functionality_not_available": "This feature is not available now, please try again later.",
    "toasts.firebase_error": "Couldn't get notification data",
    "toasts.firebase_loading": "Loading notification data",
    "toasts.groupUpdated": "Settings are successfully updated",
    "toasts.upload_error": "Error while uploading. Try different media format.",
    "toasts.emailSent": "Email sent successfully",
    "toasts.blockUserSuccess": "User blocked succesfully",
    "toasts.unblockUserSuccess": "User unblocked succesfully",

    "notificationSubscription.announcements": "Announcements",
    "notificationSubscription.activityFeed": "Activity Feed",
    "notificationSubscription.messages": "Messages",
    "notificationSubscription.socialGroups": "Social Groups",
    "notificationSubscription.forums": "Forums",
    "notificationSubscription.connections": "Connections",
    "notificationSubscription.manual_push_notification": "You receive a notification from the app admin",
    "notificationSubscription.bp_messages_new_message": "A member sends you a new message",
    "notificationSubscription.bp_friends_friendship_request": "A member invites you to connect",
    "notificationSubscription.bp_friends_friendship_accepted": "A member accepts your connection request",
    "notificationSubscription.bbp_new_reply": "Your discussion receives a reply",

    "gifs.error": "Error loading gifs!",
    "gifs.removeTitle": "Do you want to remove the GIF?",
    "gifs.removeMessage": "This will remove GIF.",

    "deleteAccount.title": "Delete Account",
    "deleteAccount.message": "Deleting your account will delete all of the content you have created. It will be completely irrecoverable. Are you sure you want to delete your account?",
    "deleteAccount.messageFinalConfirmation": "Are you sure?",
    "deleteAccount.buttonLabel": "Yes, delete my account",

    "versionControl.title": "New Version Available",
    "versionControl.message": "There is a new version available for download! Please update the app by visiting the App Store",
    "versionControl.buttonLabel": "Update",

    "loginInfo.title": "Login Information",
    "loginInfo.message": "Leave password fields blank for no change",
    "loginInfo.buttonLabel": "Save",
    "loginInfo.successTitle": "Successfully updated",

    "privacySettings.title": "Privacy Settings",
    "privacySettings.message": "Please review your profile visibility settings and select who may see your profile details.",
    "privacySettings.buttonLabel": "Save",
    "privacySettings.successTitle": "Successfully updated",

    "exportData.title": "Request an export of your data",
    "exportData.message": "You may download a copy of all data you have created on this platform. Click the button below to start a new request. An email will be sent to you to verify the request. Then the site admin will review your request and if approved, a zip file will be generated and emailed to you.",
    "exportData.buttonLabel": "Request Data Export",
    "exportData.success": "Done. Please check your email",

    "groupInviteSetting.title": "Group Invites",
    "groupInviteSetting.message": "Currently every member of the community can invite you to join their groups. Optionally, you may restrict group invites to your connections only.",
    "groupInviteSetting.buttonLabel": "Save",
    "groupInviteSetting.successTitle": "Successfully updated"
  }
}
