{
  "primaryColor": "#3598FF",
  "bodyBg": "#f6f6f8",
  "bodyFrontBg": "#ffffff",
  "headerBg": "#ffffff",
  "headerColor": "#211C44",
  "headerIconColor": "#2F74F6",
  "primaryColor": "#007cff",
  "highlightColor": "#007cff",
  "textColor": "#000000",
  "descTextColor": "#737679",
  "descLightTextColor": "#838A98",
  "headingsColor": "#211C44",
  "primaryButtonBg": "#013A7E",
  "primaryButtonColor": "#ffffff",
  "secondaryButtonBg": "#F9F9F9",
  "secondaryButtonColor": "#516CD9",
  "borderColor": "#C6C6C8",
  "bottomTabsBg": "#EEF0F3",
  "bottomTabsColor": "#000000",
  "bottomTabsActiveColor": "#007cff",
  "darkColor":  "#ffffff",
  "lightColor": "#ffffff"
}
