{"feather-activity.png":"Activity","feather-airplay.png":"Airplay","feather-alert-circle.png":"Alert Circle","feather-alert-octagon.png":"Alert Octagon","feather-alert-triangle.png":"Alert Triangle","feather-align-center.png":"Align Center","feather-align-justify.png":"Align Justify","feather-align-left.png":"Align Left","feather-align-right.png":"Align Right","feather-anchor.png":"Anchor","feather-aperture.png":"Aperture","feather-archive.png":"Archive","feather-arrow-down-circle.png":"Arrow Down Circle","feather-arrow-down-left.png":"Arrow Down Left","feather-arrow-down-right.png":"Arrow Down Right","feather-arrow-down.png":"Arrow Down","feather-arrow-left-circle.png":"Arrow Left Circle","feather-arrow-left.png":"Arrow Left","feather-arrow-right-circle.png":"Arrow Right Circle","feather-arrow-right.png":"Arrow Right","feather-arrow-up-circle.png":"Arrow Up Circle","feather-arrow-up-left.png":"Arrow Up Left","feather-arrow-up-right.png":"Arrow Up Right","feather-arrow-up.png":"Arrow Up","feather-at-sign.png":"At Sign","feather-award.png":"Award","feather-bar-chart-2.png":"Bar Chart 2","feather-bar-chart.png":"Bar Chart","feather-battery-charging.png":"Battery Charging","feather-battery.png":"Battery","feather-bell-off.png":"Bell Off","feather-bell.png":"Bell","feather-bluetooth.png":"Bluetooth","feather-bold.png":"Bold","feather-book-open.png":"Book Open","feather-book.png":"Book","feather-bookmark.png":"Bookmark","feather-box.png":"Box","feather-briefcase.png":"Briefcase","feather-calendar.png":"Calendar","feather-camera-off.png":"Camera Off","feather-camera.png":"Camera","feather-cast.png":"Cast","feather-check-circle.png":"Check Circle","feather-check-square.png":"Check Square","feather-check.png":"Check","feather-chevron-down.png":"Chevron Down","feather-chevron-left.png":"Chevron Left","feather-chevron-right.png":"Chevron Right","feather-chevron-up.png":"Chevron Up","feather-chevrons-down.png":"Chevrons Down","feather-chevrons-left.png":"Chevrons Left","feather-chevrons-right.png":"Chevrons Right","feather-chevrons-up.png":"Chevrons Up","feather-chrome.png":"Chrome","feather-circle.png":"Circle","feather-clipboard.png":"Clipboard","feather-clock.png":"Clock","feather-cloud-drizzle.png":"Cloud Drizzle","feather-cloud-lightning.png":"Cloud Lightning","feather-cloud-off.png":"Cloud Off","feather-cloud-rain.png":"Cloud Rain","feather-cloud-snow.png":"Cloud Snow","feather-cloud.png":"Cloud","feather-code.png":"Code","feather-codepen.png":"Codepen","feather-codesandbox.png":"Codesandbox","feather-coffee.png":"Coffee","feather-columns.png":"Columns","feather-command.png":"Command","feather-compass.png":"Compass","feather-copy.png":"Copy","feather-corner-down-left.png":"Corner Down Left","feather-corner-down-right.png":"Corner Down Right","feather-corner-left-down.png":"Corner Left Down","feather-corner-left-up.png":"Corner Left Up","feather-corner-right-down.png":"Corner Right Down","feather-corner-right-up.png":"Corner Right Up","feather-corner-up-left.png":"Corner Up Left","feather-corner-up-right.png":"Corner Up Right","feather-cpu.png":"Cpu","feather-credit-card.png":"Credit Card","feather-crop.png":"Crop","feather-crosshair.png":"Crosshair","feather-database.png":"Database","feather-delete.png":"Delete","feather-disc.png":"Disc","feather-dollar-sign.png":"Dollar Sign","feather-download-cloud.png":"Download Cloud","feather-download.png":"Download","feather-droplet.png":"Droplet","feather-edit-2.png":"Edit 2","feather-edit-3.png":"Edit 3","feather-edit.png":"Edit","feather-external-link.png":"External Link","feather-eye-off.png":"Eye Off","feather-eye.png":"Eye","feather-facebook.png":"Facebook","feather-fast-forward.png":"Fast Forward","feather-feather.png":"Feather","feather-figma.png":"Figma","feather-file-minus.png":"File Minus","feather-file-plus.png":"File Plus","feather-file-text.png":"File Text","feather-file.png":"File","feather-film.png":"Film","feather-filter.png":"Filter","feather-flag.png":"Flag","feather-folder-minus.png":"Folder Minus","feather-folder-plus.png":"Folder Plus","feather-folder.png":"Folder","feather-framer.png":"Framer","feather-frown.png":"Frown","feather-gift.png":"Gift","feather-git-branch.png":"Git Branch","feather-git-commit.png":"Git Commit","feather-git-merge.png":"Git Merge","feather-git-pull-request.png":"Git Pull Request","feather-github.png":"Github","feather-gitlab.png":"Gitlab","feather-globe.png":"Globe","feather-grid.png":"Grid","feather-hard-drive.png":"Hard Drive","feather-hash.png":"Hash","feather-headphones.png":"Headphones","feather-heart.png":"Heart","feather-help-circle.png":"Help Circle","feather-hexagon.png":"Hexagon","feather-home.png":"Home","feather-image.png":"Image","feather-inbox.png":"Inbox","feather-info.png":"Info","feather-instagram.png":"Instagram","feather-italic.png":"Italic","feather-key.png":"Key","feather-layers.png":"Layers","feather-layout.png":"Layout","feather-life-buoy.png":"Life Buoy","feather-link-2.png":"Link 2","feather-link.png":"Link","feather-linkedin.png":"Linkedin","feather-list.png":"List","feather-loader.png":"Loader","feather-lock.png":"Lock","feather-log-in.png":"Log In","feather-log-out.png":"Log Out","feather-mail.png":"Mail","feather-map-pin.png":"Map Pin","feather-map.png":"Map","feather-maximize-2.png":"Maximize 2","feather-maximize.png":"Maximize","feather-meh.png":"Meh","feather-menu.png":"Menu","feather-message-circle.png":"Message Circle","feather-message-square.png":"Message Square","feather-mic-off.png":"Mic Off","feather-mic.png":"Mic","feather-minimize-2.png":"Minimize 2","feather-minimize.png":"Minimize","feather-minus-circle.png":"Minus Circle","feather-minus-square.png":"Minus Square","feather-minus.png":"Minus","feather-monitor.png":"Monitor","feather-moon.png":"Moon","feather-more-horizontal.png":"More Horizontal","feather-more-vertical.png":"More Vertical","feather-mouse-pointer.png":"Mouse Pointer","feather-move.png":"Move","feather-music.png":"Music","feather-navigation-2.png":"Navigation 2","feather-navigation.png":"Navigation","feather-octagon.png":"Octagon","feather-package.png":"Package","feather-paperclip.png":"Paperclip","feather-pause-circle.png":"Pause Circle","feather-pause.png":"Pause","feather-pen-tool.png":"Pen Tool","feather-percent.png":"Percent","feather-phone-call.png":"Phone Call","feather-phone-forwarded.png":"Phone Forwarded","feather-phone-incoming.png":"Phone Incoming","feather-phone-missed.png":"Phone Missed","feather-phone-off.png":"Phone Off","feather-phone-outgoing.png":"Phone Outgoing","feather-phone.png":"Phone","feather-pie-chart.png":"Pie Chart","feather-play-circle.png":"Play Circle","feather-play.png":"Play","feather-plus-circle.png":"Plus Circle","feather-plus-square.png":"Plus Square","feather-plus.png":"Plus","feather-pocket.png":"Pocket","feather-power.png":"Power","feather-printer.png":"Printer","feather-radio.png":"Radio","feather-refresh-ccw.png":"Refresh Ccw","feather-refresh-cw.png":"Refresh Cw","feather-repeat.png":"Repeat","feather-rewind.png":"Rewind","feather-rotate-ccw.png":"Rotate Ccw","feather-rotate-cw.png":"Rotate Cw","feather-rss.png":"Rss","feather-save.png":"Save","feather-scissors.png":"Scissors","feather-search.png":"Search","feather-send.png":"Send","feather-server.png":"Server","feather-settings.png":"Settings","feather-share-2.png":"Share 2","feather-share.png":"Share","feather-shield-off.png":"Shield Off","feather-shield.png":"Shield","feather-shopping-bag.png":"Shopping Bag","feather-shopping-cart.png":"Shopping Cart","feather-shuffle.png":"Shuffle","feather-sidebar.png":"Sidebar","feather-skip-back.png":"Skip Back","feather-skip-forward.png":"Skip Forward","feather-slack.png":"Slack","feather-slash.png":"Slash","feather-sliders.png":"Sliders","feather-smartphone.png":"Smartphone","feather-smile.png":"Smile","feather-speaker.png":"Speaker","feather-square.png":"Square","feather-star.png":"Star","feather-stop-circle.png":"Stop Circle","feather-sun.png":"Sun","feather-sunrise.png":"Sunrise","feather-sunset.png":"Sunset","feather-tablet.png":"Tablet","feather-tag.png":"Tag","feather-target.png":"Target","feather-terminal.png":"Terminal","feather-thermometer.png":"Thermometer","feather-thumbs-down.png":"Thumbs Down","feather-thumbs-up.png":"Thumbs Up","feather-toggle-left.png":"Toggle Left","feather-toggle-right.png":"Toggle Right","feather-tool.png":"Tool","feather-trash-2.png":"Trash 2","feather-trash.png":"Trash","feather-trello.png":"Trello","feather-trending-down.png":"Trending Down","feather-trending-up.png":"Trending Up","feather-triangle.png":"Triangle","feather-truck.png":"Truck","feather-tv.png":"Tv","feather-twitch.png":"Twitch","feather-twitter.png":"Twitter","feather-type.png":"Type","feather-umbrella.png":"Umbrella","feather-underline.png":"Underline","feather-unlock.png":"Unlock","feather-upload-cloud.png":"Upload Cloud","feather-upload.png":"Upload","feather-user-check.png":"User Check","feather-user-minus.png":"User Minus","feather-user-plus.png":"User Plus","feather-user-x.png":"User X","feather-user.png":"User","feather-users.png":"Users","feather-video-off.png":"Video Off","feather-video.png":"Video","feather-voicemail.png":"Voicemail","feather-volume-1.png":"Volume 1","feather-volume-2.png":"Volume 2","feather-volume-x.png":"Volume X","feather-volume.png":"Volume","feather-watch.png":"Watch","feather-wifi-off.png":"Wifi Off","feather-wifi.png":"Wifi","feather-wind.png":"Wind","feather-x-circle.png":"X Circle","feather-x-octagon.png":"X Octagon","feather-x-square.png":"X Square","feather-x.png":"X","feather-youtube.png":"Youtube","feather-zap-off.png":"Zap Off","feather-zap.png":"Zap","feather-zoom-in.png":"Zoom In","feather-zoom-out.png":"Zoom Out"}